"concept_id","concept_name","concept_code","vocabulary_id"
2105896,"Adding walker to previously applied cast","29440","CPT4"
4036105,"Adjusting of splint","228603009","SNOMED"
4035413,"Adjustment of cast brace","239700001","SNOMED"
4079717,"Adjustment of external splintage","239695008","SNOMED"
4083541,"Adjustment of plaster cast","239696009","SNOMED"
45888407,"Application, cast","1005549","CPT4"
2105844,"Application, cast; elbow to finger (short arm)","29075","CPT4"
2105830,"Application, cast; figure-of-eight","29049","CPT4"
2105846,"Application, cast; finger (eg, contracture)","29086","CPT4"
2105845,"Application, cast; hand and lower forearm (gauntlet)","29085","CPT4"
2105842,"Application, cast; plaster Velpeau","29058","CPT4"
2105831,"Application, cast; shoulder spica","29055","CPT4"
2105843,"Application, cast; shoulder to hand (long arm)","29065","CPT4"
40376685,"Application of above elbow plaster cast","180296006","SNOMED"
4079597,"Application of above elbow plaster cast","239667008","SNOMED"
4079715,"Application of above knee cast brace with knee hinges","239684002","SNOMED"
40376687,"Application of above knee plaster cast","180298007","SNOMED"
4029417,"Application of adhesive strapping across umbilicus","238207007","SNOMED"
4083534,"Application of below elbow plaster cast","239668003","SNOMED"
40376686,"Application of below elbow plaster cast","180297002","SNOMED"
4035597,"Application of below knee cast brace with ankle hinges","239685001","SNOMED"
4035290,"Application of below knee plaster cast","239676001","SNOMED"
40376688,"Application of below knee plaster cast","180299004","SNOMED"
4075965,"Application of Bennett's plaster cast","225159001","SNOMED"
2105826,"Application of body cast, shoulder to hips","29035","CPT4"
45889594,"Application of body cast, shoulder to hips","1014600","CPT4"
4010117,"Application of body cast, shoulder to hips","112720007","SNOMED"
2105828,"Application of body cast, shoulder to hips; including 1 thigh","29044","CPT4"
2105829,"Application of body cast, shoulder to hips; including both thighs","29046","CPT4"
2105827,"Application of body cast, shoulder to hips; including head, Minerva type","29040","CPT4"
4035293,"Application of buttress strapping","239690003","SNOMED"
4041643,"Application of cast","118480003","SNOMED"
40311510,"Application of cast","150718000","SNOMED"
4151661,"Application of cast brace","310890002","SNOMED"
4288293,"Application of cast, plaster splint","69737004","SNOMED"
45888677,"Application of Casts and Strapping","1005535","CPT4"
4047501,"Application of cast, sugar tong","1237000","SNOMED"
4233293,"Application of clubfoot cast","439847000","SNOMED"
2105898,"Application of clubfoot cast with molding or manipulation, long or short leg","29450","CPT4"
4079598,"Application of Colles plaster cast","239669006","SNOMED"
2105892,"Application of cylinder cast (thigh to ankle)","29365","CPT4"
4194622,"Application of cylinder cast, thigh to ankle","67699001","SNOMED"
4079603,"Application of cylinder plaster cast","239675002","SNOMED"
4311801,"Application of dressing, soft cast","85694002","SNOMED"
40311564,"Application of elastoplast strapping","150767003","SNOMED"
4207800,"Application of elastoplast strapping","311761008","SNOMED"
40377923,"Application of elastoplast strapping","182602001","SNOMED"
4035288,"Application of external splintage","239665000","SNOMED"
45890465,"Application of finger splint","1005562","CPT4"
4084162,"Application of finger splint, dynamic","24191008","SNOMED"
2105851,"Application of finger splint; dynamic","29131","CPT4"
4263743,"Application of finger splint, static","46223001","SNOMED"
2105850,"Application of finger splint; static","29130","CPT4"
46273174,"Application of focused rigidity cast","712499007","SNOMED"
44810745,"Application of focused rigidity cast","880371000000108","SNOMED"
4035291,"Application of forearm cast brace","239680006","SNOMED"
4079714,"Application of forearm cast brace with wrist hinges","239683008","SNOMED"
44791700,"Application of fracture strapping","297951000000107","SNOMED"
4108846,"Application of functional cast brace","180294009","SNOMED"
4078746,"Application of Futura splint","180318005","SNOMED"
4195724,"Application of halo type body cast","79444008","SNOMED"
2105811,"Application of halo type body cast (see 20661-20663 for insertion)","29000","CPT4"
4035295,"Application of herring bone strapping","239692006","SNOMED"
4132400,"Application of hip spica cast","127599007","SNOMED"
45888994,"Application of hip spica cast","1005574","CPT4"
2105878,"Application of hip spica cast; 1 and one-half spica or both legs","29325","CPT4"
2105877,"Application of hip spica cast; 1 leg","29305","CPT4"
4029136,"Application of hip spica cast, both legs","13851003","SNOMED"
4079605,"Application of humeral cast brace","239679008","SNOMED"
4221541,"Application of Kirschner-Ehmer splint","82816005","SNOMED"
4234781,"Application of long arm cast","440490004","SNOMED"
4203389,"Application of long arm splint","433340000","SNOMED"
2105847,"Application of long arm splint (shoulder to hand)","29105","CPT4"
4268467,"Application of long leg cast","63097004","SNOMED"
2105881,"Application of long leg cast brace","29358","CPT4"
4030868,"Application of long leg cast, brace type","1407007","SNOMED"
4083538,"Application of long leg cast brace with knee and ankle hinges","239686000","SNOMED"
45888692,"Application of long leg cast (thigh to toes)","1014603","CPT4"
2105879,"Application of long leg cast (thigh to toes)","29345","CPT4"
2105880,"Application of long leg cast (thigh to toes); walker or ambulatory type","29355","CPT4"
4203390,"Application of long leg splint","433341001","SNOMED"
2105899,"Application of long leg splint (thigh to ankle or toes)","29505","CPT4"
4160270,"Application of lower extremity splint","430362004","SNOMED"
4078747,"Application of mallet splint","180319002","SNOMED"
4083539,"Application of neighbor strapping","239688004","SNOMED"
4335674,"Application of neighbor strapping to finger","432988000","SNOMED"
2007608,"Application of other cast","93.53","ICD9Proc"
40376696,"Application of patellar bearing plaster cast","180305002","SNOMED"
4217200,"Application of patellar tendon bearing cast","72601004","SNOMED"
2105895,"Application of patellar tendon bearing (PTB) cast","29435","CPT4"
4108844,"Application of plaster cast","180289009","SNOMED"
4079602,"Application of plaster cast to lower limb","239674003","SNOMED"
40311511,"Application of plaster cast to trunk","150719008","SNOMED"
4108845,"Application of plaster cast to trunk","180292008","SNOMED"
4035289,"Application of plaster cast to upper limb","239666004","SNOMED"
2105897,"Application of rigid total contact leg cast","29445","CPT4"
4205372,"Application of rigid total contact leg cast","439303004","SNOMED"
4083535,"Application of scaphoid plaster cast","239670007","SNOMED"
40376693,"Application of scaphoid plaster cast","180302004","SNOMED"
4231924,"Application of short arm cast","438409006","SNOMED"
4258557,"Application of short arm splint","439535000","SNOMED"
45890567,"Application of short arm splint (forearm to hand)","1005559","CPT4"
2105849,"Application of short arm splint (forearm to hand); dynamic","29126","CPT4"
2105848,"Application of short arm splint (forearm to hand); static","29125","CPT4"
4140659,"Application of short arm splint, forearm to hand, static","3333006","SNOMED"
4230868,"Application of short leg cast","437955002","SNOMED"
2105893,"Application of short leg cast (below knee to toes)","29405","CPT4"
45888522,"Application of short leg cast (below knee to toes)","1014604","CPT4"
2105894,"Application of short leg cast (below knee to toes); walking or ambulatory type","29425","CPT4"
4160556,"Application of short leg splint","430365002","SNOMED"
2105900,"Application of short leg splint (calf to foot)","29515","CPT4"
4035596,"Application of slipper plaster cast","239677005","SNOMED"
4194049,"Application of splint","79321009","SNOMED"
2007609,"Application of splint","93.54","ICD9Proc"
4107739,"Application of splint NEC","180310003","SNOMED"
3573019,"Application of splint NEC","559241000000108","SNOMED"
4079604,"Application of static cast brace","239678000","SNOMED"
40439190,"Application of strapping","239687009","SNOMED"
40311563,"Application of strapping","150766007","SNOMED"
40377922,"Application of strapping","182601008","SNOMED"
40376714,"Application of Thomas splint using skin traction","180321007","SNOMED"
4203750,"Application of Thomas splint using skin traction","308445006","SNOMED"
4079601,"Application of thumb spica plaster cast","239673009","SNOMED"
44809823,"Application of thumb spica splint","865231000000107","SNOMED"
4035598,"Application of thumb spica strapping","239689007","SNOMED"
4035292,"Application of tibial cast brace","239681005","SNOMED"
4160269,"Application of upper extremity splint","430354007","SNOMED"
4083537,"Application of upper limb cast brace with elbow hinges","239682003","SNOMED"
3566928,"Application of vacuum splint","297961000000105","SNOMED"
4176314,"Application of vacuum splint","427996005","SNOMED"
4109146,"Application of Zimmer splint","180317000","SNOMED"
4079505,"Apply Thomas splint traction","179208004","SNOMED"
40312002,"Apply Thomas splint traction","150785005","SNOMED"
4042694,"Arch support strapping","229543001","SNOMED"
4108847,"Attention to plaster cast","180300007","SNOMED"
4261808,"Bivalving of cast","46203002","SNOMED"
40307712,"Bivalving of cast","14989003","SNOMED"
45890371,"Body and Upper Extremity Application of Casts","1005537","CPT4"
45889929,"Body and Upper Extremity Application of Casts and Strapping","1005536","CPT4"
45888558,"Body and Upper Extremity Application of Splints","1005557","CPT4"
45888445,"Body and Upper Extremity Application of Strapping-Any Age","1005565","CPT4"
4301439,"Cast care assessment","385694004","SNOMED"
4299579,"Cast care education","385696002","SNOMED"
4254918,"Cast care education, guidance, and counseling","410280002","SNOMED"
4299580,"Cast care management","385697006","SNOMED"
44789126,"Cast examination","197401000000103","SNOMED"
3554958,"Cast identification","286961000000106","SNOMED"
40619450,"Casting or strapping procedure","69567007","SNOMED"
4126113,"Cast post and core in addition to bridge retainer","23650000","SNOMED"
4173436,"Cast post as part of bridge retainer","50022003","SNOMED"
4171763,"Cast removal","274480009","SNOMED"
40311556,"Cast removal","150760001","SNOMED"
40377915,"Cast removal","182596004","SNOMED"
2781748,"Change Cast on Abdominal Wall","2W03X2Z","ICD10PCS"
2781766,"Change Cast on Back","2W05X2Z","ICD10PCS"
2781757,"Change Cast on Chest Wall","2W04X2Z","ICD10PCS"
2785599,"Change Cast on Face","2W01X2Z","ICD10PCS"
2785590,"Change Cast on Head","2W00X2Z","ICD10PCS"
2782268,"Change Cast on Left Finger","2W0KX2Z","ICD10PCS"
2782533,"Change Cast on Left Foot","2W0TX2Z","ICD10PCS"
2782042,"Change Cast on Left Hand","2W0FX2Z","ICD10PCS"
2781784,"Change Cast on Left Inguinal Region","2W07X2Z","ICD10PCS"
2782024,"Change Cast on Left Lower Arm","2W0DX2Z","ICD10PCS"
2782286,"Change Cast on Left Lower Extremity","2W0MX2Z","ICD10PCS"
2782322,"Change Cast on Left Lower Leg","2W0RX2Z","ICD10PCS"
2782060,"Change Cast on Left Thumb","2W0HX2Z","ICD10PCS"
2782551,"Change Cast on Left Toe","2W0VX2Z","ICD10PCS"
2782006,"Change Cast on Left Upper Arm","2W0BX2Z","ICD10PCS"
2781802,"Change Cast on Left Upper Extremity","2W09X2Z","ICD10PCS"
2782304,"Change Cast on Left Upper Leg","2W0PX2Z","ICD10PCS"
2781739,"Change Cast on Neck","2W02X2Z","ICD10PCS"
2782069,"Change Cast on Right Finger","2W0JX2Z","ICD10PCS"
2782331,"Change Cast on Right Foot","2W0SX2Z","ICD10PCS"
2782033,"Change Cast on Right Hand","2W0EX2Z","ICD10PCS"
2781775,"Change Cast on Right Inguinal Region","2W06X2Z","ICD10PCS"
2782015,"Change Cast on Right Lower Arm","2W0CX2Z","ICD10PCS"
2782277,"Change Cast on Right Lower Extremity","2W0LX2Z","ICD10PCS"
2782313,"Change Cast on Right Lower Leg","2W0QX2Z","ICD10PCS"
2782051,"Change Cast on Right Thumb","2W0GX2Z","ICD10PCS"
2782542,"Change Cast on Right Toe","2W0UX2Z","ICD10PCS"
2781997,"Change Cast on Right Upper Arm","2W0AX2Z","ICD10PCS"
2781793,"Change Cast on Right Upper Extremity","2W08X2Z","ICD10PCS"
2782295,"Change Cast on Right Upper Leg","2W0NX2Z","ICD10PCS"
4107735,"Change of plaster cast","180290000","SNOMED"
4120151,"Change of splint","302618007","SNOMED"
3532658,"Change of splint NEC","560691000000104","SNOMED"
4107740,"Change of splint NEC","180311004","SNOMED"
4034383,"Change of traction splint","239663007","SNOMED"
2781747,"Change Splint on Abdominal Wall","2W03X1Z","ICD10PCS"
2781765,"Change Splint on Back","2W05X1Z","ICD10PCS"
2781756,"Change Splint on Chest Wall","2W04X1Z","ICD10PCS"
2785598,"Change Splint on Face","2W01X1Z","ICD10PCS"
2785589,"Change Splint on Head","2W00X1Z","ICD10PCS"
2782267,"Change Splint on Left Finger","2W0KX1Z","ICD10PCS"
2782532,"Change Splint on Left Foot","2W0TX1Z","ICD10PCS"
2782041,"Change Splint on Left Hand","2W0FX1Z","ICD10PCS"
2781783,"Change Splint on Left Inguinal Region","2W07X1Z","ICD10PCS"
2782023,"Change Splint on Left Lower Arm","2W0DX1Z","ICD10PCS"
2782285,"Change Splint on Left Lower Extremity","2W0MX1Z","ICD10PCS"
2782321,"Change Splint on Left Lower Leg","2W0RX1Z","ICD10PCS"
2782059,"Change Splint on Left Thumb","2W0HX1Z","ICD10PCS"
2782550,"Change Splint on Left Toe","2W0VX1Z","ICD10PCS"
2782005,"Change Splint on Left Upper Arm","2W0BX1Z","ICD10PCS"
2781801,"Change Splint on Left Upper Extremity","2W09X1Z","ICD10PCS"
2782303,"Change Splint on Left Upper Leg","2W0PX1Z","ICD10PCS"
2781738,"Change Splint on Neck","2W02X1Z","ICD10PCS"
2782068,"Change Splint on Right Finger","2W0JX1Z","ICD10PCS"
2782330,"Change Splint on Right Foot","2W0SX1Z","ICD10PCS"
2782032,"Change Splint on Right Hand","2W0EX1Z","ICD10PCS"
2781774,"Change Splint on Right Inguinal Region","2W06X1Z","ICD10PCS"
2782014,"Change Splint on Right Lower Arm","2W0CX1Z","ICD10PCS"
2782276,"Change Splint on Right Lower Extremity","2W0LX1Z","ICD10PCS"
2782312,"Change Splint on Right Lower Leg","2W0QX1Z","ICD10PCS"
2782050,"Change Splint on Right Thumb","2W0GX1Z","ICD10PCS"
2782541,"Change Splint on Right Toe","2W0UX1Z","ICD10PCS"
2781810,"Change Splint on Right Upper Arm","2W0AX1Z","ICD10PCS"
2781792,"Change Splint on Right Upper Extremity","2W08X1Z","ICD10PCS"
2782294,"Change Splint on Right Upper Leg","2W0NX1Z","ICD10PCS"
4036106,"Checking of splint","228604003","SNOMED"
4035600,"Conversion of non-weight-bearing plaster cast to weight-bearing plaster cast","239699002","SNOMED"
4083546,"Conversion of static cast brace to functional cast brace","239704005","SNOMED"
4298796,"Denis-Browne splint strapping","77180007","SNOMED"
2105916,"Denis-Browne splint strapping","29590","CPT4"
4039578,"Dynamic splinting","229550002","SNOMED"
4038879,"Fitting of splint","228602004","SNOMED"
4039576,"Foot strapping","229541004","SNOMED"
3538484,"Immobilisation by cast NOS","650281000000101","SNOMED"
3532570,"Immobilisation using plaster cast NOS","559231000000104","SNOMED"
3538485,"Immobilise by splinting NOS","650291000000104","SNOMED"
44790737,"Immobilise with extrication splint","241661000000101","SNOMED"
40311515,"Immobilization by cast NOS","150722005","SNOMED"
4125922,"Immobilization by cast NOS","288143007","SNOMED"
4119906,"Immobilization by splinting","287630006","SNOMED"
2783559,"Immobilization of Abdominal Wall using Cast","2W33X2Z","ICD10PCS"
2783558,"Immobilization of Abdominal Wall using Splint","2W33X1Z","ICD10PCS"
2783567,"Immobilization of Back using Cast","2W35X2Z","ICD10PCS"
2783566,"Immobilization of Back using Splint","2W35X1Z","ICD10PCS"
2783563,"Immobilization of Chest Wall using Cast","2W34X2Z","ICD10PCS"
2783562,"Immobilization of Chest Wall using Splint","2W34X1Z","ICD10PCS"
2782843,"Immobilization of Face using Cast","2W31X2Z","ICD10PCS"
2782842,"Immobilization of Face using Splint","2W31X1Z","ICD10PCS"
2782839,"Immobilization of Head using Cast","2W30X2Z","ICD10PCS"
2782838,"Immobilization of Head using Splint","2W30X1Z","ICD10PCS"
2783623,"Immobilization of Left Finger using Cast","2W3KX2Z","ICD10PCS"
2783622,"Immobilization of Left Finger using Splint","2W3KX1Z","ICD10PCS"
2783069,"Immobilization of Left Foot using Cast","2W3TX2Z","ICD10PCS"
2783068,"Immobilization of Left Foot using Splint","2W3TX1Z","ICD10PCS"
2783607,"Immobilization of Left Hand using Cast","2W3FX2Z","ICD10PCS"
2783606,"Immobilization of Left Hand using Splint","2W3FX1Z","ICD10PCS"
2783575,"Immobilization of Left Inguinal Region using Cast","2W37X2Z","ICD10PCS"
2783574,"Immobilization of Left Inguinal Region using Splint","2W37X1Z","ICD10PCS"
2783599,"Immobilization of Left Lower Arm using Cast","2W3DX2Z","ICD10PCS"
2783598,"Immobilization of Left Lower Arm using Splint","2W3DX1Z","ICD10PCS"
2783045,"Immobilization of Left Lower Extremity using Cast","2W3MX2Z","ICD10PCS"
2783044,"Immobilization of Left Lower Extremity using Splint","2W3MX1Z","ICD10PCS"
2783061,"Immobilization of Left Lower Leg using Cast","2W3RX2Z","ICD10PCS"
2783060,"Immobilization of Left Lower Leg using Splint","2W3RX1Z","ICD10PCS"
2783615,"Immobilization of Left Thumb using Cast","2W3HX2Z","ICD10PCS"
2783614,"Immobilization of Left Thumb using Splint","2W3HX1Z","ICD10PCS"
2783077,"Immobilization of Left Toe using Cast","2W3VX2Z","ICD10PCS"
2783076,"Immobilization of Left Toe using Splint","2W3VX1Z","ICD10PCS"
2783591,"Immobilization of Left Upper Arm using Cast","2W3BX2Z","ICD10PCS"
2783590,"Immobilization of Left Upper Arm using Splint","2W3BX1Z","ICD10PCS"
2783583,"Immobilization of Left Upper Extremity using Cast","2W39X2Z","ICD10PCS"
2783582,"Immobilization of Left Upper Extremity using Splint","2W39X1Z","ICD10PCS"
2783053,"Immobilization of Left Upper Leg using Cast","2W3PX2Z","ICD10PCS"
2783052,"Immobilization of Left Upper Leg using Splint","2W3PX1Z","ICD10PCS"
2782848,"Immobilization of Neck using Cast","2W32X2Z","ICD10PCS"
2782847,"Immobilization of Neck using Splint","2W32X1Z","ICD10PCS"
2783619,"Immobilization of Right Finger using Cast","2W3JX2Z","ICD10PCS"
2783618,"Immobilization of Right Finger using Splint","2W3JX1Z","ICD10PCS"
2783065,"Immobilization of Right Foot using Cast","2W3SX2Z","ICD10PCS"
2783064,"Immobilization of Right Foot using Splint","2W3SX1Z","ICD10PCS"
2783603,"Immobilization of Right Hand using Cast","2W3EX2Z","ICD10PCS"
2783602,"Immobilization of Right Hand using Splint","2W3EX1Z","ICD10PCS"
2783571,"Immobilization of Right Inguinal Region using Cast","2W36X2Z","ICD10PCS"
2783570,"Immobilization of Right Inguinal Region using Splint","2W36X1Z","ICD10PCS"
2783595,"Immobilization of Right Lower Arm using Cast","2W3CX2Z","ICD10PCS"
2783594,"Immobilization of Right Lower Arm using Splint","2W3CX1Z","ICD10PCS"
2783041,"Immobilization of Right Lower Extremity using Cast","2W3LX2Z","ICD10PCS"
2783040,"Immobilization of Right Lower Extremity using Splint","2W3LX1Z","ICD10PCS"
2783057,"Immobilization of Right Lower Leg using Cast","2W3QX2Z","ICD10PCS"
2783056,"Immobilization of Right Lower Leg using Splint","2W3QX1Z","ICD10PCS"
2783611,"Immobilization of Right Thumb using Cast","2W3GX2Z","ICD10PCS"
2783610,"Immobilization of Right Thumb using Splint","2W3GX1Z","ICD10PCS"
2783073,"Immobilization of Right Toe using Cast","2W3UX2Z","ICD10PCS"
2783072,"Immobilization of Right Toe using Splint","2W3UX1Z","ICD10PCS"
2783587,"Immobilization of Right Upper Arm using Cast","2W3AX2Z","ICD10PCS"
2783586,"Immobilization of Right Upper Arm using Splint","2W3AX1Z","ICD10PCS"
2783579,"Immobilization of Right Upper Extremity using Cast","2W38X2Z","ICD10PCS"
2783578,"Immobilization of Right Upper Extremity using Splint","2W38X1Z","ICD10PCS"
2783049,"Immobilization of Right Upper Leg using Cast","2W3NX2Z","ICD10PCS"
2783048,"Immobilization of Right Upper Leg using Splint","2W3NX1Z","ICD10PCS"
40311500,"Immobilization &/or support (& splinting)","150709002","SNOMED"
40377868,"Immobilization &/or support (& splinting)","182553009","SNOMED"
40376700,"Immobilization: [other] or [using other splint]","180309008","SNOMED"
45769193,"Immobilization using extrication splint","707794004","SNOMED"
4080245,"Immobilization using plaster cast","180288001","SNOMED"
4078745,"Immobilization using plaster cast NOS","180308000","SNOMED"
764122,"Immobilization using short extrication splint","451031000124108","SNOMED"
4121578,"Immobilize by splinting NOS","288145000","SNOMED"
40311522,"Immobilize by splinting NOS","150729001","SNOMED"
2103078,"Impression and custom preparation; oral surgical splint","21085","CPT4"
2721044,"Impression casting of a foot performed by a practitioner other than the manufacturer of the orthotic","S0395","HCPCS"
4048324,"Insertion of intranasal splints","232491007","SNOMED"
40663160,"INTENTIONAL REPLANTATION (INCLUDING NECESSARY SPLINTING)","D3470","HCPCS"
4035624,"Intentional replantation with splinting","15224009","SNOMED"
44788996,"Issue and review of casted orthoses","197071000000102","SNOMED"
4098812,"Lancaster screening","252879004","SNOMED"
4046701,"Lively splinting","229549002","SNOMED"
45888446,"Lower Extremity Application of Casts","1005573","CPT4"
45888844,"Lower Extremity Application of Casts and Strapping","1005572","CPT4"
45888447,"Lower Extremity Application of Splints","1005587","CPT4"
45889158,"Lower Extremity Application of Strapping-Any Age","1005590","CPT4"
4046700,"Lower limb strapping","229538008","SNOMED"
4039577,"Lumbar strapping","229545008","SNOMED"
4036585,"Making of splint","228600007","SNOMED"
40628316,"Manipulation and application of cast or splint","76109003","SNOMED"
4321228,"Manipulation of carpal region with application of splint","70947003","SNOMED"
4236991,"Manipulation of stifle joint ligament with splint","56711000","SNOMED"
4042693,"McConnell strapping","229540003","SNOMED"
4039579,"Night splinting","229552005","SNOMED"
4328505,"Orthotic splinting","75313008","SNOMED"
45889159,"Other Casting or Strapping Procedures","1018234","CPT4"
3573018,"Other specified immobilisation using plaster cast","559221000000101","SNOMED"
4108849,"Other specified immobilization using plaster cast","180307005","SNOMED"
4042692,"Patella strapping","229539000","SNOMED"
2833344,"Placement @ Anatomical Regions @ Change @ Abdominal Wall @ External @ Cast","2W03X2","ICD10PCS"
2867104,"Placement @ Anatomical Regions @ Change @ Abdominal Wall @ External @ Splint","2W03X1","ICD10PCS"
2885250,"Placement @ Anatomical Regions @ Change @ Back @ External @ Cast","2W05X2","ICD10PCS"
2853248,"Placement @ Anatomical Regions @ Change @ Back @ External @ Splint","2W05X1","ICD10PCS"
2828231,"Placement @ Anatomical Regions @ Change @ Chest Wall @ External @ Cast","2W04X2","ICD10PCS"
2805545,"Placement @ Anatomical Regions @ Change @ Chest Wall @ External @ Splint","2W04X1","ICD10PCS"
2800165,"Placement @ Anatomical Regions @ Change @ Face @ External @ Cast","2W01X2","ICD10PCS"
2893077,"Placement @ Anatomical Regions @ Change @ Face @ External @ Splint","2W01X1","ICD10PCS"
2898962,"Placement @ Anatomical Regions @ Change @ Finger, Left @ External @ Cast","2W0KX2","ICD10PCS"
2813051,"Placement @ Anatomical Regions @ Change @ Finger, Left @ External @ Splint","2W0KX1","ICD10PCS"
2800172,"Placement @ Anatomical Regions @ Change @ Finger, Right @ External @ Cast","2W0JX2","ICD10PCS"
2880187,"Placement @ Anatomical Regions @ Change @ Finger, Right @ External @ Splint","2W0JX1","ICD10PCS"
2845679,"Placement @ Anatomical Regions @ Change @ Foot, Left @ External @ Cast","2W0TX2","ICD10PCS"
2885385,"Placement @ Anatomical Regions @ Change @ Foot, Left @ External @ Splint","2W0TX1","ICD10PCS"
2885384,"Placement @ Anatomical Regions @ Change @ Foot, Right @ External @ Cast","2W0SX2","ICD10PCS"
2845678,"Placement @ Anatomical Regions @ Change @ Foot, Right @ External @ Splint","2W0SX1","ICD10PCS"
2858795,"Placement @ Anatomical Regions @ Change @ Hand, Left @ External @ Cast","2W0FX2","ICD10PCS"
2885257,"Placement @ Anatomical Regions @ Change @ Hand, Left @ External @ Splint","2W0FX1","ICD10PCS"
2833353,"Placement @ Anatomical Regions @ Change @ Hand, Right @ External @ Cast","2W0EX2","ICD10PCS"
2853254,"Placement @ Anatomical Regions @ Change @ Hand, Right @ External @ Splint","2W0EX1","ICD10PCS"
2880049,"Placement @ Anatomical Regions @ Change @ Head @ External @ Cast","2W00X2","ICD10PCS"
2858786,"Placement @ Anatomical Regions @ Change @ Head @ External @ Splint","2W00X1","ICD10PCS"
2893084,"Placement @ Anatomical Regions @ Change @ Inguinal Region, Left @ External @ Cast","2W07X2","ICD10PCS"
2893083,"Placement @ Anatomical Regions @ Change @ Inguinal Region, Left @ External @ Splint","2W07X1","ICD10PCS"
2880053,"Placement @ Anatomical Regions @ Change @ Inguinal Region, Right @ External @ Cast","2W06X2","ICD10PCS"
2853249,"Placement @ Anatomical Regions @ Change @ Inguinal Region, Right @ External @ Splint","2W06X1","ICD10PCS"
2885256,"Placement @ Anatomical Regions @ Change @ Lower Arm, Left @ External @ Cast","2W0DX2","ICD10PCS"
2872278,"Placement @ Anatomical Regions @ Change @ Lower Arm, Left @ External @ Splint","2W0DX1","ICD10PCS"
2893087,"Placement @ Anatomical Regions @ Change @ Lower Arm, Right @ External @ Cast","2W0CX2","ICD10PCS"
2820217,"Placement @ Anatomical Regions @ Change @ Lower Arm, Right @ External @ Splint","2W0CX1","ICD10PCS"
2893095,"Placement @ Anatomical Regions @ Change @ Lower Extremity, Left @ External @ Cast","2W0MX2","ICD10PCS"
2800176,"Placement @ Anatomical Regions @ Change @ Lower Extremity, Left @ External @ Splint","2W0MX1","ICD10PCS"
2841003,"Placement @ Anatomical Regions @ Change @ Lower Extremity, Right @ External @ Cast","2W0LX2","ICD10PCS"
2898963,"Placement @ Anatomical Regions @ Change @ Lower Extremity, Right @ External @ Splint","2W0LX1","ICD10PCS"
2805561,"Placement @ Anatomical Regions @ Change @ Lower Leg, Left @ External @ Cast","2W0RX2","ICD10PCS"
2872280,"Placement @ Anatomical Regions @ Change @ Lower Leg, Left @ External @ Splint","2W0RX1","ICD10PCS"
2841007,"Placement @ Anatomical Regions @ Change @ Lower Leg, Right @ External @ Cast","2W0QX2","ICD10PCS"
2853263,"Placement @ Anatomical Regions @ Change @ Lower Leg, Right @ External @ Splint","2W0QX1","ICD10PCS"
2820214,"Placement @ Anatomical Regions @ Change @ Neck @ External @ Cast","2W02X2","ICD10PCS"
2805540,"Placement @ Anatomical Regions @ Change @ Neck @ External @ Splint","2W02X1","ICD10PCS"
2880186,"Placement @ Anatomical Regions @ Change @ Thumb, Left @ External @ Cast","2W0HX2","ICD10PCS"
2820222,"Placement @ Anatomical Regions @ Change @ Thumb, Left @ External @ Splint","2W0HX1","ICD10PCS"
2898958,"Placement @ Anatomical Regions @ Change @ Thumb, Right @ External @ Cast","2W0GX2","ICD10PCS"
2867117,"Placement @ Anatomical Regions @ Change @ Thumb, Right @ External @ Splint","2W0GX1","ICD10PCS"
2828246,"Placement @ Anatomical Regions @ Change @ Toe, Left @ External @ Cast","2W0VX2","ICD10PCS"
2800185,"Placement @ Anatomical Regions @ Change @ Toe, Left @ External @ Splint","2W0VX1","ICD10PCS"
2800182,"Placement @ Anatomical Regions @ Change @ Toe, Right @ External @ Cast","2W0UX2","ICD10PCS"
2845682,"Placement @ Anatomical Regions @ Change @ Toe, Right @ External @ Splint","2W0UX1","ICD10PCS"
2880059,"Placement @ Anatomical Regions @ Change @ Upper Arm, Left @ External @ Cast","2W0BX2","ICD10PCS"
2867110,"Placement @ Anatomical Regions @ Change @ Upper Arm, Left @ External @ Splint","2W0BX1","ICD10PCS"
2800170,"Placement @ Anatomical Regions @ Change @ Upper Arm, Right @ External @ Cast","2W0AX2","ICD10PCS"
2872277,"Placement @ Anatomical Regions @ Change @ Upper Arm, Right @ External @ Splint","2W0AX1","ICD10PCS"
2872275,"Placement @ Anatomical Regions @ Change @ Upper Extremity, Left @ External @ Cast","2W09X2","ICD10PCS"
2805549,"Placement @ Anatomical Regions @ Change @ Upper Extremity, Left @ External @ Splint","2W09X1","ICD10PCS"
2833349,"Placement @ Anatomical Regions @ Change @ Upper Extremity, Right @ External @ Cast","2W08X2","ICD10PCS"
2858790,"Placement @ Anatomical Regions @ Change @ Upper Extremity, Right @ External @ Splint","2W08X1","ICD10PCS"
2880189,"Placement @ Anatomical Regions @ Change @ Upper Leg, Left @ External @ Cast","2W0PX2","ICD10PCS"
2858800,"Placement @ Anatomical Regions @ Change @ Upper Leg, Left @ External @ Splint","2W0PX1","ICD10PCS"
2841006,"Placement @ Anatomical Regions @ Change @ Upper Leg, Right @ External @ Cast","2W0NX2","ICD10PCS"
2800177,"Placement @ Anatomical Regions @ Change @ Upper Leg, Right @ External @ Splint","2W0NX1","ICD10PCS"
2853413,"Placement @ Anatomical Regions @ Immobilization @ Abdominal Wall @ External @ Cast","2W33X2","ICD10PCS"
2845699,"Placement @ Anatomical Regions @ Immobilization @ Abdominal Wall @ External @ Splint","2W33X1","ICD10PCS"
2898985,"Placement @ Anatomical Regions @ Immobilization @ Back @ External @ Cast","2W35X2","ICD10PCS"
2833492,"Placement @ Anatomical Regions @ Immobilization @ Back @ External @ Splint","2W35X1","ICD10PCS"
2828261,"Placement @ Anatomical Regions @ Immobilization @ Chest Wall @ External @ Cast","2W34X2","ICD10PCS"
2845701,"Placement @ Anatomical Regions @ Immobilization @ Chest Wall @ External @ Splint","2W34X1","ICD10PCS"
2806024,"Placement @ Anatomical Regions @ Immobilization @ Face @ External @ Cast","2W31X2","ICD10PCS"
2872293,"Placement @ Anatomical Regions @ Immobilization @ Face @ External @ Splint","2W31X1","ICD10PCS"
2820373,"Placement @ Anatomical Regions @ Immobilization @ Finger, Left @ External @ Cast","2W3KX2","ICD10PCS"
2867274,"Placement @ Anatomical Regions @ Immobilization @ Finger, Left @ External @ Splint","2W3KX1","ICD10PCS"
2833501,"Placement @ Anatomical Regions @ Immobilization @ Finger, Right @ External @ Cast","2W3JX2","ICD10PCS"
2853418,"Placement @ Anatomical Regions @ Immobilization @ Finger, Right @ External @ Splint","2W3JX1","ICD10PCS"
2893250,"Placement @ Anatomical Regions @ Immobilization @ Foot, Left @ External @ Cast","2W3TX2","ICD10PCS"
2899116,"Placement @ Anatomical Regions @ Immobilization @ Foot, Left @ External @ Splint","2W3TX1","ICD10PCS"
2833507,"Placement @ Anatomical Regions @ Immobilization @ Foot, Right @ External @ Cast","2W3SX2","ICD10PCS"
2885407,"Placement @ Anatomical Regions @ Immobilization @ Foot, Right @ External @ Splint","2W3SX1","ICD10PCS"
2833499,"Placement @ Anatomical Regions @ Immobilization @ Hand, Left @ External @ Cast","2W3FX2","ICD10PCS"
2898990,"Placement @ Anatomical Regions @ Immobilization @ Hand, Left @ External @ Splint","2W3FX1","ICD10PCS"
2833498,"Placement @ Anatomical Regions @ Immobilization @ Hand, Right @ External @ Cast","2W3EX2","ICD10PCS"
2893243,"Placement @ Anatomical Regions @ Immobilization @ Hand, Right @ External @ Splint","2W3EX1","ICD10PCS"
2872292,"Placement @ Anatomical Regions @ Immobilization @ Head @ External @ Cast","2W30X2","ICD10PCS"
2853411,"Placement @ Anatomical Regions @ Immobilization @ Head @ External @ Splint","2W30X1","ICD10PCS"
2867272,"Placement @ Anatomical Regions @ Immobilization @ Inguinal Region, Left @ External @ Cast","2W37X2","ICD10PCS"
2845703,"Placement @ Anatomical Regions @ Immobilization @ Inguinal Region, Left @ External @ Splint","2W37X1","ICD10PCS"
2841147,"Placement @ Anatomical Regions @ Immobilization @ Inguinal Region, Right @ External @ Cast","2W36X2","ICD10PCS"
2867271,"Placement @ Anatomical Regions @ Immobilization @ Inguinal Region, Right @ External @ Splint","2W36X1","ICD10PCS"
2893242,"Placement @ Anatomical Regions @ Immobilization @ Lower Arm, Left @ External @ Cast","2W3DX2","ICD10PCS"
2833496,"Placement @ Anatomical Regions @ Immobilization @ Lower Arm, Left @ External @ Splint","2W3DX1","ICD10PCS"
2858949,"Placement @ Anatomical Regions @ Immobilization @ Lower Arm, Right @ External @ Cast","2W3CX2","ICD10PCS"
2898989,"Placement @ Anatomical Regions @ Immobilization @ Lower Arm, Right @ External @ Splint","2W3CX1","ICD10PCS"
2853420,"Placement @ Anatomical Regions @ Immobilization @ Lower Extremity, Left @ External @ Cast","2W3MX2","ICD10PCS"
2853419,"Placement @ Anatomical Regions @ Immobilization @ Lower Extremity, Left @ External @ Splint","2W3MX1","ICD10PCS"
2893246,"Placement @ Anatomical Regions @ Immobilization @ Lower Extremity, Right @ External @ Cast","2W3LX2","ICD10PCS"
2828267,"Placement @ Anatomical Regions @ Immobilization @ Lower Extremity, Right @ External @ Splint","2W3LX1","ICD10PCS"
2872300,"Placement @ Anatomical Regions @ Immobilization @ Lower Leg, Left @ External @ Cast","2W3RX2","ICD10PCS"
2833506,"Placement @ Anatomical Regions @ Immobilization @ Lower Leg, Left @ External @ Splint","2W3RX1","ICD10PCS"
2853422,"Placement @ Anatomical Regions @ Immobilization @ Lower Leg, Right @ External @ Cast","2W3QX2","ICD10PCS"
2813203,"Placement @ Anatomical Regions @ Immobilization @ Lower Leg, Right @ External @ Splint","2W3QX1","ICD10PCS"
2853412,"Placement @ Anatomical Regions @ Immobilization @ Neck @ External @ Cast","2W32X2","ICD10PCS"
2806025,"Placement @ Anatomical Regions @ Immobilization @ Neck @ External @ Splint","2W32X1","ICD10PCS"
2806033,"Placement @ Anatomical Regions @ Immobilization @ Thumb, Left @ External @ Cast","2W3HX2","ICD10PCS"
2845706,"Placement @ Anatomical Regions @ Immobilization @ Thumb, Left @ External @ Splint","2W3HX1","ICD10PCS"
2893244,"Placement @ Anatomical Regions @ Immobilization @ Thumb, Right @ External @ Cast","2W3GX2","ICD10PCS"
2880211,"Placement @ Anatomical Regions @ Immobilization @ Thumb, Right @ External @ Splint","2W3GX1","ICD10PCS"
2893252,"Placement @ Anatomical Regions @ Immobilization @ Toe, Left @ External @ Cast","2W3VX2","ICD10PCS"
2858955,"Placement @ Anatomical Regions @ Immobilization @ Toe, Left @ External @ Splint","2W3VX1","ICD10PCS"
2820376,"Placement @ Anatomical Regions @ Immobilization @ Toe, Right @ External @ Cast","2W3UX2","ICD10PCS"
2833511,"Placement @ Anatomical Regions @ Immobilization @ Toe, Right @ External @ Splint","2W3UX1","ICD10PCS"
2820371,"Placement @ Anatomical Regions @ Immobilization @ Upper Arm, Left @ External @ Cast","2W3BX2","ICD10PCS"
2813200,"Placement @ Anatomical Regions @ Immobilization @ Upper Arm, Left @ External @ Splint","2W3BX1","ICD10PCS"
2885402,"Placement @ Anatomical Regions @ Immobilization @ Upper Arm, Right @ External @ Cast","2W3AX2","ICD10PCS"
2867273,"Placement @ Anatomical Regions @ Immobilization @ Upper Arm, Right @ External @ Splint","2W3AX1","ICD10PCS"
2800320,"Placement @ Anatomical Regions @ Immobilization @ Upper Extremity, Left @ External @ Cast","2W39X2","ICD10PCS"
2841149,"Placement @ Anatomical Regions @ Immobilization @ Upper Extremity, Left @ External @ Splint","2W39X1","ICD10PCS"
2898988,"Placement @ Anatomical Regions @ Immobilization @ Upper Extremity, Right @ External @ Cast","2W38X2","ICD10PCS"
2828264,"Placement @ Anatomical Regions @ Immobilization @ Upper Extremity, Right @ External @ Splint","2W38X1","ICD10PCS"
2867278,"Placement @ Anatomical Regions @ Immobilization @ Upper Leg, Left @ External @ Cast","2W3PX2","ICD10PCS"
2858953,"Placement @ Anatomical Regions @ Immobilization @ Upper Leg, Left @ External @ Splint","2W3PX1","ICD10PCS"
2880214,"Placement @ Anatomical Regions @ Immobilization @ Upper Leg, Right @ External @ Cast","2W3NX2","ICD10PCS"
2899114,"Placement @ Anatomical Regions @ Immobilization @ Upper Leg, Right @ External @ Splint","2W3NX1","ICD10PCS"
2899119,"Placement @ Anatomical Regions @ Removal @ Abdominal Wall @ External @ Cast","2W53X2","ICD10PCS"
2800338,"Placement @ Anatomical Regions @ Removal @ Abdominal Wall @ External @ Splint","2W53X1","ICD10PCS"
2820386,"Placement @ Anatomical Regions @ Removal @ Back @ External @ Cast","2W55X2","ICD10PCS"
2858971,"Placement @ Anatomical Regions @ Removal @ Back @ External @ Splint","2W55X1","ICD10PCS"
2867291,"Placement @ Anatomical Regions @ Removal @ Chest Wall @ External @ Cast","2W54X2","ICD10PCS"
2867290,"Placement @ Anatomical Regions @ Removal @ Chest Wall @ External @ Splint","2W54X1","ICD10PCS"
2885415,"Placement @ Anatomical Regions @ Removal @ Face @ External @ Cast","2W51X2","ICD10PCS"
2885414,"Placement @ Anatomical Regions @ Removal @ Face @ External @ Splint","2W51X1","ICD10PCS"
2867302,"Placement @ Anatomical Regions @ Removal @ Finger, Left @ External @ Cast","2W5KX2","ICD10PCS"
2806051,"Placement @ Anatomical Regions @ Removal @ Finger, Left @ External @ Splint","2W5KX1","ICD10PCS"
2867301,"Placement @ Anatomical Regions @ Removal @ Finger, Right @ External @ Cast","2W5JX2","ICD10PCS"
2885553,"Placement @ Anatomical Regions @ Removal @ Finger, Right @ External @ Splint","2W5JX1","ICD10PCS"
2899142,"Placement @ Anatomical Regions @ Removal @ Foot, Left @ External @ Cast","2W5TX2","ICD10PCS"
2828412,"Placement @ Anatomical Regions @ Removal @ Foot, Left @ External @ Splint","2W5TX1","ICD10PCS"
2885557,"Placement @ Anatomical Regions @ Removal @ Foot, Right @ External @ Cast","2W5SX2","ICD10PCS"
2899140,"Placement @ Anatomical Regions @ Removal @ Foot, Right @ External @ Splint","2W5SX1","ICD10PCS"
2853439,"Placement @ Anatomical Regions @ Removal @ Hand, Left @ External @ Cast","2W5FX2","ICD10PCS"
2828406,"Placement @ Anatomical Regions @ Removal @ Hand, Left @ External @ Splint","2W5FX1","ICD10PCS"
2806048,"Placement @ Anatomical Regions @ Removal @ Hand, Right @ External @ Cast","2W5EX2","ICD10PCS"
2806047,"Placement @ Anatomical Regions @ Removal @ Hand, Right @ External @ Splint","2W5EX1","ICD10PCS"
2845844,"Placement @ Anatomical Regions @ Removal @ Head @ External @ Cast","2W50X2","ICD10PCS"
2833522,"Placement @ Anatomical Regions @ Removal @ Head @ External @ Splint","2W50X1","ICD10PCS"
2885421,"Placement @ Anatomical Regions @ Removal @ Inguinal Region, Left @ External @ Cast","2W57X2","ICD10PCS"
2841165,"Placement @ Anatomical Regions @ Removal @ Inguinal Region, Left @ External @ Splint","2W57X1","ICD10PCS"
2880230,"Placement @ Anatomical Regions @ Removal @ Inguinal Region, Right @ External @ Cast","2W56X2","ICD10PCS"
2813215,"Placement @ Anatomical Regions @ Removal @ Inguinal Region, Right @ External @ Splint","2W56X1","ICD10PCS"
2845856,"Placement @ Anatomical Regions @ Removal @ Lower Arm, Left @ External @ Cast","2W5DX2","ICD10PCS"
2867298,"Placement @ Anatomical Regions @ Removal @ Lower Arm, Left @ External @ Splint","2W5DX1","ICD10PCS"
2867296,"Placement @ Anatomical Regions @ Removal @ Lower Arm, Right @ External @ Cast","2W5CX2","ICD10PCS"
2858977,"Placement @ Anatomical Regions @ Removal @ Lower Arm, Right @ External @ Splint","2W5CX1","ICD10PCS"
2845865,"Placement @ Anatomical Regions @ Removal @ Lower Extremity, Left @ External @ Cast","2W5MX2","ICD10PCS"
2813225,"Placement @ Anatomical Regions @ Removal @ Lower Extremity, Left @ External @ Splint","2W5MX1","ICD10PCS"
2867304,"Placement @ Anatomical Regions @ Removal @ Lower Extremity, Right @ External @ Cast","2W5LX2","ICD10PCS"
2806052,"Placement @ Anatomical Regions @ Removal @ Lower Extremity, Right @ External @ Splint","2W5LX1","ICD10PCS"
2800353,"Placement @ Anatomical Regions @ Removal @ Lower Leg, Left @ External @ Cast","2W5RX2","ICD10PCS"
2820397,"Placement @ Anatomical Regions @ Removal @ Lower Leg, Left @ External @ Splint","2W5RX1","ICD10PCS"
2806053,"Placement @ Anatomical Regions @ Removal @ Lower Leg, Right @ External @ Cast","2W5QX2","ICD10PCS"
2899137,"Placement @ Anatomical Regions @ Removal @ Lower Leg, Right @ External @ Splint","2W5QX1","ICD10PCS"
2813211,"Placement @ Anatomical Regions @ Removal @ Neck @ External @ Cast","2W52X2","ICD10PCS"
2800336,"Placement @ Anatomical Regions @ Removal @ Neck @ External @ Splint","2W52X1","ICD10PCS"
2845862,"Placement @ Anatomical Regions @ Removal @ Thumb, Left @ External @ Cast","2W5HX2","ICD10PCS"
2833530,"Placement @ Anatomical Regions @ Removal @ Thumb, Left @ External @ Splint","2W5HX1","ICD10PCS"
2845861,"Placement @ Anatomical Regions @ Removal @ Thumb, Right @ External @ Cast","2W5GX2","ICD10PCS"
2853440,"Placement @ Anatomical Regions @ Removal @ Thumb, Right @ External @ Splint","2W5GX1","ICD10PCS"
2867310,"Placement @ Anatomical Regions @ Removal @ Toe, Left @ External @ Cast","2W5VX2","ICD10PCS"
2828413,"Placement @ Anatomical Regions @ Removal @ Toe, Left @ External @ Splint","2W5VX1","ICD10PCS"
2885559,"Placement @ Anatomical Regions @ Removal @ Toe, Right @ External @ Cast","2W5UX2","ICD10PCS"
2872442,"Placement @ Anatomical Regions @ Removal @ Toe, Right @ External @ Splint","2W5UX1","ICD10PCS"
2813221,"Placement @ Anatomical Regions @ Removal @ Upper Arm, Left @ External @ Cast","2W5BX2","ICD10PCS"
2899127,"Placement @ Anatomical Regions @ Removal @ Upper Arm, Left @ External @ Splint","2W5BX1","ICD10PCS"
2833526,"Placement @ Anatomical Regions @ Removal @ Upper Arm, Right @ External @ Cast","2W5AX2","ICD10PCS"
2820388,"Placement @ Anatomical Regions @ Removal @ Upper Arm, Right @ External @ Splint","2W5AX1","ICD10PCS"
2813218,"Placement @ Anatomical Regions @ Removal @ Upper Extremity, Left @ External @ Cast","2W59X2","ICD10PCS"
2828278,"Placement @ Anatomical Regions @ Removal @ Upper Extremity, Left @ External @ Splint","2W59X1","ICD10PCS"
2899123,"Placement @ Anatomical Regions @ Removal @ Upper Extremity, Right @ External @ Cast","2W58X2","ICD10PCS"
2858973,"Placement @ Anatomical Regions @ Removal @ Upper Extremity, Right @ External @ Splint","2W58X1","ICD10PCS"
2893265,"Placement @ Anatomical Regions @ Removal @ Upper Leg, Left @ External @ Cast","2W5PX2","ICD10PCS"
2841173,"Placement @ Anatomical Regions @ Removal @ Upper Leg, Left @ External @ Splint","2W5PX1","ICD10PCS"
2800350,"Placement @ Anatomical Regions @ Removal @ Upper Leg, Right @ External @ Cast","2W5NX2","ICD10PCS"
2845866,"Placement @ Anatomical Regions @ Removal @ Upper Leg, Right @ External @ Splint","2W5NX1","ICD10PCS"
40312004,"Plaster cast traction","150787002","SNOMED"
4077780,"Plaster cast traction","179176009","SNOMED"
40311538,"Pneumatic splinting","150743006","SNOMED"
4168546,"Pneumatic splinting","274475000","SNOMED"
4302291,"Pontic cast, high noble metal","78185000","SNOMED"
4218248,"Pontic cast, noble metal","81940003","SNOMED"
4304478,"Pontic cast, predominantly base metal","10372006","SNOMED"
4036104,"Prescription of splint","228601006","SNOMED"
4077784,"Primary cast immobilization of fracture","179185009","SNOMED"
4072827,"Primary cast stabilization of spinal fracture","178691001","SNOMED"
4307534,"Procedure involving splint","423444004","SNOMED"
4145643,"Procedures relating to splintage and immobilization","266686005","SNOMED"
46285700,"Provision and fitting of cast","975051000000105","SNOMED"
4263314,"Provision of molds or casts for immobilization","46733005","SNOMED"
44809557,"Provision of splint","846091000000101","SNOMED"
44809565,"Provision of working splint wrist brace","846251000000104","SNOMED"
4083545,"Remolding of cast brace","239703004","SNOMED"
40497685,"Removal and replacement of cast","29409009","SNOMED"
40478912,"Removal of cast","44429002","SNOMED"
4035604,"Removal of cast brace","239707003","SNOMED"
2783847,"Removal of Cast on Abdominal Wall","2W53X2Z","ICD10PCS"
2783865,"Removal of Cast on Back","2W55X2Z","ICD10PCS"
2783856,"Removal of Cast on Chest Wall","2W54X2Z","ICD10PCS"
2783828,"Removal of Cast on Face","2W51X2Z","ICD10PCS"
2783819,"Removal of Cast on Head","2W50X2Z","ICD10PCS"
2792222,"Removal of Cast on Left Finger","2W5KX2Z","ICD10PCS"
2788185,"Removal of Cast on Left Foot","2W5TX2Z","ICD10PCS"
2783369,"Removal of Cast on Left Hand","2W5FX2Z","ICD10PCS"
2783883,"Removal of Cast on Left Inguinal Region","2W57X2Z","ICD10PCS"
2783351,"Removal of Cast on Left Lower Arm","2W5DX2Z","ICD10PCS"
2792240,"Removal of Cast on Left Lower Extremity","2W5MX2Z","ICD10PCS"
2788167,"Removal of Cast on Left Lower Leg","2W5RX2Z","ICD10PCS"
2792204,"Removal of Cast on Left Thumb","2W5HX2Z","ICD10PCS"
2788203,"Removal of Cast on Left Toe","2W5VX2Z","ICD10PCS"
2783333,"Removal of Cast on Left Upper Arm","2W5BX2Z","ICD10PCS"
2783315,"Removal of Cast on Left Upper Extremity","2W59X2Z","ICD10PCS"
2788149,"Removal of Cast on Left Upper Leg","2W5PX2Z","ICD10PCS"
2783838,"Removal of Cast on Neck","2W52X2Z","ICD10PCS"
2792213,"Removal of Cast on Right Finger","2W5JX2Z","ICD10PCS"
2788176,"Removal of Cast on Right Foot","2W5SX2Z","ICD10PCS"
2783360,"Removal of Cast on Right Hand","2W5EX2Z","ICD10PCS"
2783874,"Removal of Cast on Right Inguinal Region","2W56X2Z","ICD10PCS"
2783342,"Removal of Cast on Right Lower Arm","2W5CX2Z","ICD10PCS"
2792231,"Removal of Cast on Right Lower Extremity","2W5LX2Z","ICD10PCS"
2788158,"Removal of Cast on Right Lower Leg","2W5QX2Z","ICD10PCS"
2792195,"Removal of Cast on Right Thumb","2W5GX2Z","ICD10PCS"
2788194,"Removal of Cast on Right Toe","2W5UX2Z","ICD10PCS"
2783324,"Removal of Cast on Right Upper Arm","2W5AX2Z","ICD10PCS"
2783306,"Removal of Cast on Right Upper Extremity","2W58X2Z","ICD10PCS"
2792249,"Removal of Cast on Right Upper Leg","2W5NX2Z","ICD10PCS"
4035602,"Removal of external splintage","239705006","SNOMED"
4049254,"Removal of intranasal splints","232492000","SNOMED"
4080248,"Removal of mallet splint","180320008","SNOMED"
4078743,"Removal of plaster cast","180291001","SNOMED"
40311560,"Removal of splint","150763004","SNOMED"
40377918,"Removal of splint","182599006","SNOMED"
3532659,"Removal of splint NEC","560701000000104","SNOMED"
4108851,"Removal of splint NEC","180312006","SNOMED"
2783846,"Removal of Splint on Abdominal Wall","2W53X1Z","ICD10PCS"
2783864,"Removal of Splint on Back","2W55X1Z","ICD10PCS"
2783855,"Removal of Splint on Chest Wall","2W54X1Z","ICD10PCS"
2783827,"Removal of Splint on Face","2W51X1Z","ICD10PCS"
2783818,"Removal of Splint on Head","2W50X1Z","ICD10PCS"
2792221,"Removal of Splint on Left Finger","2W5KX1Z","ICD10PCS"
2788184,"Removal of Splint on Left Foot","2W5TX1Z","ICD10PCS"
2783368,"Removal of Splint on Left Hand","2W5FX1Z","ICD10PCS"
2783882,"Removal of Splint on Left Inguinal Region","2W57X1Z","ICD10PCS"
2783350,"Removal of Splint on Left Lower Arm","2W5DX1Z","ICD10PCS"
2792239,"Removal of Splint on Left Lower Extremity","2W5MX1Z","ICD10PCS"
2788166,"Removal of Splint on Left Lower Leg","2W5RX1Z","ICD10PCS"
2792203,"Removal of Splint on Left Thumb","2W5HX1Z","ICD10PCS"
2788202,"Removal of Splint on Left Toe","2W5VX1Z","ICD10PCS"
2783332,"Removal of Splint on Left Upper Arm","2W5BX1Z","ICD10PCS"
2783314,"Removal of Splint on Left Upper Extremity","2W59X1Z","ICD10PCS"
2792257,"Removal of Splint on Left Upper Leg","2W5PX1Z","ICD10PCS"
2783837,"Removal of Splint on Neck","2W52X1Z","ICD10PCS"
2792212,"Removal of Splint on Right Finger","2W5JX1Z","ICD10PCS"
2788175,"Removal of Splint on Right Foot","2W5SX1Z","ICD10PCS"
2783359,"Removal of Splint on Right Hand","2W5EX1Z","ICD10PCS"
2783873,"Removal of Splint on Right Inguinal Region","2W56X1Z","ICD10PCS"
2783341,"Removal of Splint on Right Lower Arm","2W5CX1Z","ICD10PCS"
2792230,"Removal of Splint on Right Lower Extremity","2W5LX1Z","ICD10PCS"
2788157,"Removal of Splint on Right Lower Leg","2W5QX1Z","ICD10PCS"
2792194,"Removal of Splint on Right Thumb","2W5GX1Z","ICD10PCS"
2788193,"Removal of Splint on Right Toe","2W5UX1Z","ICD10PCS"
2783323,"Removal of Splint on Right Upper Arm","2W5AX1Z","ICD10PCS"
2783305,"Removal of Splint on Right Upper Extremity","2W58X1Z","ICD10PCS"
2792248,"Removal of Splint on Right Upper Leg","2W5NX1Z","ICD10PCS"
4035603,"Removal of strapping","239706007","SNOMED"
2105918,"Removal or bivalving; full arm or full leg cast","29705","CPT4"
2105917,"Removal or bivalving; gauntlet, boot or body cast","29700","CPT4"
45888559,"Removal or Repair of Casts and Strapping","1005598","CPT4"
4083544,"Repair of cast brace","239702009","SNOMED"
4033075,"Repair of cast framework, partial denture","14605009","SNOMED"
4083542,"Repair of plaster cast","239698005","SNOMED"
2105921,"Repair of spica, body cast or jacket","29720","CPT4"
4118888,"Replacement of cast","288142002","SNOMED"
40311512,"Replacement of cast","150720002","SNOMED"
40486690,"Replacement of cast of lower limb","449340005","SNOMED"
40486692,"Replacement of cast of upper limb","449341009","SNOMED"
2008029,"Replacement of cast on lower limb","97.12","ICD9Proc"
2008028,"Replacement of cast on upper limb","97.11","ICD9Proc"
2008030,"Replacement of other cast","97.13","ICD9Proc"
4076759,"Replacing strapping on nasogastric tube","225076000","SNOMED"
4040249,"Resting splinting","229551003","SNOMED"
4079115,"Revision to cast immobilization of fracture","179186005","SNOMED"
4076428,"Revision to cast stabilization of spinal fracture","178697002","SNOMED"
4040248,"Serial splinting","229547000","SNOMED"
4039575,"Shoulder strapping","229535006","SNOMED"
4213876,"Space maintainer, fixed, cast type","8078004","SNOMED"
40433044,"Splinting","229546009","SNOMED"
40311516,"Splinting (for [immobilization] or [support])","150723000","SNOMED"
40347607,"Splinting (for [immobilization] or [support])","266786001","SNOMED"
40311519,"Splinting of dislocated hip","150726008","SNOMED"
4109145,"Splinting of dislocated hip","180315008","SNOMED"
4109144,"Splinting of finger","180314007","SNOMED"
40311518,"Splinting of finger","150725007","SNOMED"
40311521,"Splinting of fracture","150728009","SNOMED"
4118889,"Splinting of fracture","288144001","SNOMED"
4080246,"Splinting of hand","180313001","SNOMED"
40311517,"Splinting of hand","150724006","SNOMED"
40311520,"Splinting of knee","150727004","SNOMED"
4080247,"Splinting of knee","180316009","SNOMED"
4329091,"Splinting of toe using adhesive tape","431244003","SNOMED"
40428831,"Splinting procedures","226058002","SNOMED"
4017484,"Splint maintenance","10442004","SNOMED"
4224170,"Splint removal","84261002","SNOMED"
45888828,"Strapping","1005591","CPT4"
45888202,"Strapping","1005566","CPT4"
2105913,"Strapping; ankle and/or foot","29540","CPT4"
2105875,"Strapping; elbow or wrist","29260","CPT4"
2105876,"Strapping; hand or finger","29280","CPT4"
2105901,"Strapping; hip","29520","CPT4"
2105912,"Strapping; knee","29530","CPT4"
42732491,"Strapping; low back","29220","CPT4"
4218733,"Strapping of ankle","81666003","SNOMED"
4226051,"Strapping of elbow","85046002","SNOMED"
4088190,"Strapping of finger","24459003","SNOMED"
4225418,"Strapping of hand","85072006","SNOMED"
4254242,"Strapping of hip","7468009","SNOMED"
4062087,"Strapping of knee","21288003","SNOMED"
4143766,"Strapping of lower back","33493004","SNOMED"
4265478,"Strapping of shoulder, Velpeau type","61322003","SNOMED"
4105774,"Strapping of thorax","29616000","SNOMED"
4165239,"Strapping of toes","41029007","SNOMED"
4217769,"Strapping of Unna boot","8110000","SNOMED"
4067634,"Strapping of wrist","21411002","SNOMED"
4041644,"Strapping procedure","118481004","SNOMED"
2105874,"Strapping; shoulder (eg, Velpeau)","29240","CPT4"
2105872,"Strapping; thorax","29200","CPT4"
2105914,"Strapping; toes","29550","CPT4"
2105915,"Strapping; Unna boot","29580","CPT4"
4042696,"Stretch splinting","229548005","SNOMED"
40311509,"(Supporting cast (& plaster)) or (immobilization by)","150717005","SNOMED"
40347606,"(Supporting cast (& plaster)) or (immobilization by)","266785002","SNOMED"
4040247,"Talipes strapping","229542006","SNOMED"
2007603,"Thomas' splint traction","93.45","ICD9Proc"
4046699,"Thumb strapping","229537003","SNOMED"
4079718,"Trimming of cast brace","239701002","SNOMED"
40376692,"Trimming of plaster cast","180301006","SNOMED"
4035296,"Trimming of plaster cast","239697000","SNOMED"
4042695,"Trunk strapping","229544007","SNOMED"
2105935,"Unlisted procedure, casting or strapping","29799","CPT4"
4039574,"Upper limb strapping","229534005","SNOMED"
4041642,"Wedging of cast","118479001","SNOMED"
2105933,"Wedging of cast (except clubfoot casts)","29740","CPT4"
2105934,"Wedging of clubfoot cast","29750","CPT4"
4312993,"Wedging of clubfoot cast","86665000","SNOMED"
40311470,"Wedging of plaster cast","150682000","SNOMED"
4066981,"Windowing of cast","17443007","SNOMED"
2105932,"Windowing of cast","29730","CPT4"
